1101,GMC,Safari,Khaki,1997
1242,Pontiac,Grand Am,Aquamarine,2003
1674,Ford,Taurus,Fuscia,1997
1001,Toyota,Camry,Yellow,2008
1041,Audi,Q7,Maroon,2008
1366,Lexus,SC,Mauv,1996
1870,Toyota,MR2,Maroon,2001
1406,Chevrolet,G-Series G10,Yellow,1992
1725,Subaru,Leone,Maroon,1987
1615,Chevrolet,Suburban 1500,Mauv,2006
1368,Kia,Optima,Mauv,2003
1313,Mazda,Protege5,Pink,2003
1445,Lincoln,MKX,Turquoise,2011
1432,Dodge,Durango,Crimson,2005
1077,Chevrolet,Avalanche,Puce,2011
1142,Ford,F250,Crimson,1993
1512,Buick,Skyhawk,Aquamarine,1989
1909,Lotus,Exige,Mauv,2008
1873,Volvo,740,Turquoise,1992
1848,Lamborghini,Diablo,Aquamarine,1990
1640,Chevrolet,3500,Green,1995
1490,Dodge,Charger,Teal,1969
1624,Subaru,Legacy,Teal,1998
1589,Pontiac,Vibe,Goldenrod,2003
1312,Chevrolet,Cavalier,Goldenrod,2004
1490,Maserati,Quattroporte,Goldenrod,1986
1464,Nissan,Quest,Red,1995
1100,Chevrolet,Avalanche,Indigo,2007
1210,Ford,Windstar,Yellow,2004
1625,Oldsmobile,Alero,Crimson,1999
1846,Austin,Mini,Aquamarine,1963
1196,Porsche,928,Crimson,1995
1792,Chevrolet,Beretta,Purple,1992
1619,Saturn,Aura,Crimson,2007
1003,Honda,CR-V,Crimson,2007
1057,Cadillac,CTS,Turquoise,2004
1108,Ford,E-Series,Violet,1992
1604,Studebaker,Avanti,Aquamarine,1964
1558,GMC,1500,Purple,1995
1166,Ford,E-Series,Khaki,2012
1316,Acura,TL,Crimson,2001
1128,Dodge,Challenger,Goldenrod,2010
1237,Acura,Legend,Mauv,1990
1418,Mercedes-Benz,E-Class,Blue,1990
1108,Nissan,Pathfinder,Pink,1998
1905,Volkswagen,Jetta,Fuscia,1993
1599,Pontiac,LeMans,Blue,1966
1968,BMW,Z4,Khaki,2003
1471,Pontiac,Grand Prix,Crimson,1991
1650,Lotus,Elise,Yellow,2011
1926,Toyota,Land Cruiser,Maroon,2006
1794,Nissan,Murano,Teal,2010
1506,Aston Martin,Virage,Khaki,2012
1824,GMC,Savana Cargo Van,Orange,2006
1868,Mercedes-Benz,G-Class,Crimson,2002
1568,Mazda,Miata MX-5,Violet,2012
1402,Chevrolet,Impala SS,Indigo,1994
1772,Chevrolet,Uplander,Violet,2006
1254,Jaguar,X-Type,Crimson,2007
1344,Pontiac,Firebird,Violet,1991
1594,Buick,LaCrosse,Aquamarine,2008
1206,Hyundai,Tiburon,Pink,2009
1818,Mercedes-Benz,SL-Class,Turquoise,2001
1610,Chevrolet,SSR,Orange,2003
1293,Mercedes-Benz,CLK-Class,Teal,2008
1425,Mercury,Sable,Puce,1990
1406,Ford,F-Series,Mauv,1996
1304,Audi,Cabriolet,Puce,1996
1580,Nissan,Maxima,Red,2000
1020,Dodge,Ram Van 3500,Red,1998
1906,Mazda,Miata MX-5,Yellow,2004
1604,Mercury,Capri,Indigo,1993
1612,Chevrolet,Camaro,Violet,1985
1366,Ford,F250,Puce,1999
1933,Honda,Civic,Green,2008
1024,Ford,F-Series,Blue,1997
1058,Mercury,Grand Marquis,Indigo,1990
1235,Volvo,V70,Khaki,2000
1964,Mitsubishi,Mirage,Green,2001
1379,Ford,Explorer Sport,Violet,2000
1454,Chevrolet,HHR,Orange,2009
1610,Chevrolet,Astro,Blue,2002
1808,GMC,Sierra 2500,Orange,2002
1476,Chevrolet,G-Series 2500,Blue,1996
1928,Kia,Spectra,Pink,2000
1478,Pontiac,Firebird,Maroon,1985
1284,Ford,Explorer Sport,Mauv,2002
1529,Saab,900,Blue,1986
1700,Infiniti,QX,Blue,2008
1236,BMW,M3,Pink,2010
1235,Ford,Transit Connect,Khaki,2010
1060,Pontiac,Firebird Formula,Pink,1992
1240,Bentley,Continental,Teal,2012
1181,Chevrolet,Blazer,Orange,1993
1888,Chevrolet,Prizm,Purple,1999
1838,Maserati,GranTurismo,Green,2010
1978,Saab,900,Purple,1998
1455,Peugeot,207,Indigo,2006
1239,Dodge,Ram Van B250,Orange,1992
1260,Lexus,IS-F,Blue,2012
